Model,F1,Precision,Recall,ROC_AUC,PR_AUC
LightGBM,0.8615889710019907,0.8595116772590476,0.8651485705615631,0.8804173386420535,0.6951348619199713
CatBoost,0.860683365017145,0.8590345154782751,0.8674532657036726,0.8794887350208995,0.6939565354922708
XGBoost,0.8585655509691023,0.8566351010093447,0.8614273762352177,0.8763376552159349,0.6868828423625316
