Model,F1,Precision,Recall,ROC_AUC,PR_AUC
LightGBM,0.861320389230962,0.8593424880089812,0.8644671282715208,0.8801644646630983,0.6945725304331484
CatBoost,0.860473658465429,0.8584677537234731,0.8663430340939531,0.8788609167282637,0.6930691577094495
XGBoost,0.8577503289228805,0.8559292180725585,0.8603018271722018,0.8760401322449887,0.6857945308645403
