Model,F1,Precision,Recall,ROC_AUC,PR_AUC
LightGBM,0.8532510492311636,0.8542051281952773,0.8644671209431569,0.8752627371195812,0.6798290474255122
CatBoost,0.8524625994538066,0.8533283044507408,0.8637397186717276,0.8740406989621856,0.6776052540089379
XGBoost,0.8509469740766102,0.8511233023578196,0.8618867866841633,0.8716845661258411,0.6717818739984376
