model_name,roc_auc,precision,recall,f1_score,average_precision,log_loss,brier_score,true_negatives,false_positives,false_negatives,true_positives,specificity,sensitivity,imbalance_method,combination
logistic,0.6247996991119281,0.3205282112845138,0.4369885433715221,0.3698060941828255,0.30692237432614244,0.9042394678388685,0.22335275862710535,1823,566,344,267,0.7630807869401424,0.4369885433715221,regression_none,logistic_regression_none
logistic,0.6237611146012239,0.3492647058823529,0.3109656301145663,0.329004329004329,0.2988433023838776,0.867189335975809,0.2007809130491666,2035,354,421,190,0.8518208455420678,0.3109656301145663,regression_smote,logistic_regression_smote
